{"cameraMode":{"drawMode":0,"name":"Shaded","section":"Shading Mode"},"sceneLighting":true,"audioPlay":false,"sceneViewState":{"m_AlwaysRefresh":false,"showFog":true,"showSkybox":true,"showFlares":true,"showImageEffects":true,"showParticleSystems":true,"showVisualEffectGraphs":true,"m_FxEnabled":true},"in2DMode":false,"pivot":{"x":-0.2762535810470581,"y":0.6571965217590332,"z":-9.251184463500977},"rotation":{"x":-0.00283395336009562,"y":0.9943910837173462,"z":-0.10209177434444428,"w":-0.02773529663681984},"size":4.393923759460449,"orthographic":false}